player_name,total_runs,balls_faced,dismissals,strike_rate,total_wickets,runs_conceded,balls_bowled,overs_bowled,economy_rate,player_ID
A Ashish Reddy,280.0,196.0,15.0,142.85714285714286,19.0,400.0,270.0,45.0,8.88888888888889,Player_001
A Badoni,161.0,139.0,9.0,115.8273381294964,2.0,12.0,12.0,2.0,6.0,Player_002
A Chandila,4.0,7.0,1.0,57.14285714285714,11.0,245.0,234.0,39.0,6.282051282051282,Player_003
A Chopra,53.0,75.0,5.0,70.66666666666667,0.0,0.0,0.0,0.0,0.0,Player_004
A Choudhary,25.0,20.0,2.0,125.0,5.0,144.0,108.0,18.0,8.0,Player_005
A Dananjaya,4.0,5.0,0.0,80.0,0.0,47.0,25.0,4.166666666666667,11.28,Player_006
A Flintoff,62.0,57.0,2.0,108.7719298245614,2.0,106.0,66.0,11.0,9.636363636363637,Player_007
A Kumble,35.0,49.0,2.0,71.42857142857143,49.0,1089.0,983.0,163.83333333333334,6.646998982706002,Player_008
A Manohar,108.0,79.0,6.0,136.70886075949366,0.0,0.0,0.0,0.0,0.0,Player_009
A Mishra,362.0,410.0,30.0,88.29268292682927,175.0,4022.0,3317.0,552.8333333333334,7.275248718721736,Player_010
A Mithun,34.0,26.0,5.0,130.76923076923077,8.0,477.0,312.0,52.0,9.173076923076923,Player_011
A Mukund,19.0,23.0,2.0,82.6086956521739,0.0,0.0,0.0,0.0,0.0,Player_012
A Nehra,41.0,63.0,8.0,65.07936507936508,121.0,2537.0,1974.0,329.0,7.711246200607903,Player_013
A Nel,0.0,0.0,0.0,0.0,1.0,31.0,18.0,3.0,10.333333333333334,Player_014
A Nortje,8.0,13.0,1.0,61.53846153846154,44.0,946.0,706.0,117.66666666666669,8.039660056657224,Player_015
A Singh,2.0,10.0,4.0,20.0,31.0,639.0,486.0,81.0,7.888888888888889,Player_016
A Symonds,974.0,781.0,26.0,124.71190781049935,23.0,694.0,540.0,90.0,7.711111111111111,Player_017
A Tomar,4.0,8.0,1.0,50.0,0.0,0.0,0.0,0.0,0.0,Player_018
A Uniyal,4.0,7.0,1.0,57.14285714285714,3.0,67.0,38.0,6.333333333333333,10.578947368421051,Player_019
A Zampa,5.0,8.0,2.0,62.5,21.0,373.0,292.0,48.66666666666666,7.664383561643836,Player_020
AA Bilakhia,69.0,88.0,5.0,78.4090909090909,0.0,0.0,0.0,0.0,0.0,Player_021
AA Chavan,12.0,11.0,1.0,109.09090909090908,8.0,339.0,255.0,42.5,7.976470588235294,Player_022
AA Jhunjhunwala,217.0,218.0,14.0,99.54128440366972,1.0,130.0,88.0,14.666666666666666,8.863636363636363,Player_023
AA Kazi,0.0,0.0,0.0,0.0,1.0,21.0,13.0,2.1666666666666665,9.692307692307692,Player_024
AA Noffke,9.0,12.0,1.0,75.0,1.0,41.0,25.0,4.166666666666667,9.84,Player_025
AB Agarkar,179.0,160.0,8.0,111.875,33.0,1174.0,820.0,136.66666666666666,8.590243902439026,Player_026
AB Barath,42.0,43.0,2.0,97.67441860465117,0.0,0.0,0.0,0.0,0.0,Player_027
AB Dinda,26.0,50.0,9.0,52.0,82.0,2103.0,1589.0,264.8333333333333,7.940843297671492,Player_028
AB McDonald,123.0,103.0,5.0,119.41747572815532,14.0,263.0,188.0,31.33333333333333,8.393617021276595,Player_029
AB de Villiers,5181.0,3487.0,125.0,148.58044164037855,0.0,0.0,0.0,0.0,0.0,Player_030
AC Blizzard,120.0,91.0,7.0,131.86813186813183,0.0,0.0,0.0,0.0,0.0,Player_031
AC Gilchrist,2069.0,1555.0,76.0,133.05466237942122,1.0,0.0,1.0,0.1666666666666666,0.0,Player_032
AC Thomas,20.0,19.0,2.0,105.26315789473684,16.0,416.0,327.0,54.5,7.63302752293578,Player_033
AC Voges,181.0,143.0,6.0,126.5734265734266,1.0,76.0,56.0,9.333333333333334,8.142857142857142,Player_034
AD Hales,148.0,119.0,6.0,124.36974789915966,0.0,0.0,0.0,0.0,0.0,Player_035
AD Mascarenhas,79.0,79.0,10.0,100.0,19.0,365.0,310.0,51.66666666666666,7.064516129032258,Player_036
AD Mathews,724.0,599.0,31.0,120.86811352253756,28.0,1095.0,807.0,134.5,8.141263940520446,Player_037
AD Nath,90.0,99.0,10.0,90.9090909090909,0.0,0.0,0.0,0.0,0.0,Player_038
AD Russell,2039.0,1212.0,66.0,168.23432343234325,99.0,2214.0,1484.0,247.33333333333331,8.951482479784366,Player_039
AF Milne,23.0,31.0,5.0,74.19354838709677,9.0,339.0,217.0,36.16666666666666,9.373271889400922,Player_040
AG Murtaza,10.0,14.0,1.0,71.42857142857143,12.0,322.0,269.0,44.833333333333336,7.182156133828996,Player_041
AG Paunikar,49.0,61.0,5.0,80.32786885245902,0.0,0.0,0.0,0.0,0.0,Player_042
AJ Finch,2092.0,1696.0,84.0,123.34905660377358,1.0,67.0,44.0,7.333333333333333,9.136363636363637,Player_043
AJ Turner,3.0,11.0,3.0,27.27272727272727,0.0,0.0,0.0,0.0,0.0,Player_044
AJ Tye,91.0,79.0,8.0,115.18987341772151,48.0,1005.0,714.0,119.0,8.445378151260504,Player_045
AK Markram,527.0,400.0,13.0,131.75,1.0,87.0,61.0,10.166666666666666,8.557377049180328,Player_046
AL Menaria,401.0,367.0,22.0,109.26430517711172,3.0,144.0,113.0,18.83333333333333,7.646017699115045,Player_047
AM Nayar,672.0,588.0,39.0,114.28571428571428,9.0,323.0,239.0,39.833333333333336,8.10878661087866,Player_048
AM Rahane,4074.0,3465.0,133.0,117.57575757575758,1.0,5.0,6.0,1.0,5.0,Player_049
AM Salvi,0.0,0.0,0.0,0.0,7.0,205.0,156.0,26.0,7.884615384615385,Player_050
AN Ahmed,36.0,27.0,1.0,133.33333333333331,15.0,515.0,362.0,60.333333333333336,8.535911602209945,Player_051
AN Ghosh,7.0,8.0,2.0,87.5,0.0,0.0,0.0,0.0,0.0,Player_052
AP Dole,34.0,23.0,2.0,147.82608695652172,5.0,114.0,73.0,12.166666666666666,9.36986301369863,Player_053
AP Majumdar,87.0,77.0,4.0,112.987012987013,0.0,0.0,0.0,0.0,0.0,Player_054
AP Tare,339.0,285.0,24.0,118.94736842105264,0.0,0.0,0.0,0.0,0.0,Player_055
AR Bawne,12.0,12.0,0.0,100.0,0.0,0.0,0.0,0.0,0.0,Player_056
AR Patel,1135.0,919.0,59.0,123.5038084874864,109.0,3140.0,2599.0,433.1666666666667,7.24894190073105,Player_057
AS Joseph,20.0,20.0,1.0,100.0,14.0,358.0,240.0,40.0,8.95,Player_058
AS Rajpoot,26.0,41.0,4.0,63.41463414634146,24.0,844.0,567.0,94.5,8.931216931216932,Player_059
AS Raut,194.0,172.0,11.0,112.7906976744186,0.0,45.0,30.0,5.0,9.0,Player_060
AS Roy,0.0,2.0,1.0,0.0,2.0,66.0,57.0,9.5,6.947368421052632,Player_061
AS Yadav,49.0,40.0,7.0,122.5,0.0,0.0,0.0,0.0,0.0,Player_062
AT Carey,32.0,29.0,2.0,110.34482758620688,0.0,0.0,0.0,0.0,0.0,Player_063
AT Rayudu,4190.0,3375.0,142.0,124.14814814814814,0.0,0.0,0.0,0.0,0.0,Player_064
AU Rashid,0.0,0.0,0.0,0.0,0.0,35.0,18.0,3.0,11.666666666666666,Player_065
AUK Pathan,39.0,26.0,5.0,150.0,0.0,63.0,41.0,6.833333333333333,9.219512195121952,Player_066
Abdul Samad,228.0,164.0,17.0,139.02439024390242,2.0,113.0,55.0,9.166666666666666,12.327272727272728,Player_067
Abdur Razzak,0.0,2.0,0.0,0.0,0.0,29.0,14.0,2.333333333333333,12.428571428571429,Player_068
Abhishek Sharma,667.0,511.0,29.0,130.52837573385517,7.0,218.0,161.0,26.83333333333333,8.124223602484472,Player_069
Akash Deep,0.0,2.0,1.0,0.0,6.0,206.0,119.0,19.83333333333333,10.38655462184874,Player_070
Akash Singh,0.0,0.0,0.0,0.0,0.0,39.0,24.0,4.0,9.75,Player_071
Aman Hakim Khan,5.0,3.0,1.0,166.66666666666669,0.0,13.0,6.0,1.0,13.0,Player_072
Anand Rajan,0.0,0.0,0.0,0.0,10.0,206.0,162.0,27.0,7.62962962962963,Player_073
Anirudh Singh,63.0,69.0,4.0,91.30434782608695,0.0,0.0,0.0,0.0,0.0,Player_074
Ankit Sharma,87.0,69.0,7.0,126.08695652173914,12.0,453.0,375.0,62.5,7.248,Player_075
Ankit Soni,7.0,9.0,2.0,77.77777777777779,4.0,145.0,112.0,18.666666666666668,7.767857142857142,Player_076
Anmolpreet Singh,29.0,27.0,3.0,107.40740740740742,0.0,0.0,0.0,0.0,0.0,Player_077
Anuj Rawat,129.0,124.0,8.0,104.03225806451611,0.0,0.0,0.0,0.0,0.0,Player_078
Anureet Singh,36.0,47.0,4.0,76.59574468085107,21.0,636.0,430.0,71.66666666666667,8.874418604651162,Player_079
Arshdeep Singh,23.0,36.0,4.0,63.888888888888886,46.0,1086.0,803.0,133.83333333333334,8.114570361145702,Player_080
Avesh Khan,31.0,19.0,1.0,163.1578947368421,51.0,1190.0,868.0,144.66666666666666,8.225806451612904,Player_081
Azhar Mahmood,388.0,311.0,19.0,124.7588424437299,31.0,707.0,552.0,92.0,7.684782608695652,Player_082
B Akhil,76.0,57.0,7.0,133.33333333333331,7.0,246.0,193.0,32.166666666666664,7.647668393782384,Player_083
B Chipli,280.0,256.0,16.0,109.375,0.0,20.0,6.0,1.0,20.0,Player_084
B Geeves,0.0,0.0,0.0,0.0,2.0,91.0,49.0,8.166666666666666,11.142857142857144,Player_085
B Indrajith,21.0,31.0,3.0,67.74193548387096,0.0,0.0,0.0,0.0,0.0,Player_086
B Kumar,241.0,259.0,28.0,93.05019305019306,165.0,4064.0,3384.0,564.0,7.205673758865248,Player_087
B Laughlin,5.0,13.0,2.0,38.46153846153847,10.0,284.0,179.0,29.83333333333333,9.5195530726257,Player_088
B Lee,124.0,102.0,10.0,121.5686274509804,30.0,1126.0,916.0,152.66666666666666,7.375545851528384,Player_089
B Sai Sudharsan,145.0,118.0,4.0,122.8813559322034,0.0,0.0,0.0,0.0,0.0,Player_090
B Stanlake,5.0,2.0,0.0,250.0,7.0,200.0,150.0,25.0,8.0,Player_091
B Sumanth,35.0,38.0,1.0,92.10526315789474,0.0,0.0,0.0,0.0,0.0,Player_092
BA Bhatt,6.0,7.0,0.0,85.71428571428571,13.0,408.0,303.0,50.5,8.07920792079208,Player_093
BA Stokes,920.0,703.0,39.0,130.86770981507823,31.0,1005.0,717.0,119.5,8.410041841004183,Player_094
BAW Mendis,3.0,6.0,2.0,50.0,9.0,306.0,248.0,41.333333333333336,7.403225806451612,Player_095
BB McCullum,2882.0,2272.0,106.0,126.84859154929578,0.0,0.0,0.0,0.0,0.0,Player_096
BB Samantray,125.0,116.0,5.0,107.7586206896552,0.0,0.0,0.0,0.0,0.0,Player_097
BB Sran,10.0,14.0,1.0,71.42857142857143,20.0,767.0,516.0,86.0,8.918604651162791,Player_098
BCJ Cutting,238.0,146.0,11.0,163.013698630137,12.0,430.0,288.0,48.0,8.958333333333334,Player_099
BE Hendricks,1.0,3.0,1.0,33.33333333333333,11.0,239.0,157.0,26.166666666666668,9.13375796178344,Player_100
BJ Haddin,18.0,11.0,1.0,163.63636363636363,0.0,0.0,0.0,0.0,0.0,Player_101
BJ Hodge,1400.0,1153.0,46.0,121.42237640936686,18.0,310.0,238.0,39.66666666666666,7.815126050420169,Player_102
BJ Rohrer,193.0,146.0,7.0,132.1917808219178,0.0,12.0,7.0,1.1666666666666667,10.285714285714285,Player_103
BMAJ Mendis,23.0,27.0,3.0,85.18518518518519,1.0,36.0,30.0,5.0,7.2,Player_104
BR Dunk,40.0,36.0,3.0,111.11111111111111,0.0,0.0,0.0,0.0,0.0,Player_105
BW Hilfenhaus,0.0,0.0,0.0,0.0,23.0,497.0,390.0,65.0,7.6461538461538465,Player_106
Basil Thampi,32.0,37.0,2.0,86.48648648648648,26.0,862.0,539.0,89.83333333333333,9.595547309833025,Player_107
Bipul Sharma,187.0,124.0,6.0,150.80645161290323,22.0,581.0,436.0,72.66666666666667,7.995412844036696,Player_108
C Ganapathy,0.0,0.0,0.0,0.0,0.0,13.0,6.0,1.0,13.0,Player_109
C Madan,15.0,21.0,1.0,71.42857142857143,0.0,0.0,0.0,0.0,0.0,Player_110
C Munro,177.0,144.0,9.0,122.91666666666669,0.0,15.0,12.0,2.0,7.5,Player_111
C Nanda,0.0,1.0,1.0,0.0,2.0,58.0,50.0,8.333333333333334,6.959999999999999,Player_112
C Sakariya,16.0,25.0,4.0,64.0,17.0,521.0,405.0,67.5,7.718518518518518,Player_113
C de Grandhomme,303.0,229.0,15.0,132.31441048034935,7.0,323.0,230.0,38.333333333333336,8.426086956521738,Player_114
CA Ingram,205.0,183.0,12.0,112.02185792349728,0.0,0.0,0.0,0.0,0.0,Player_115
CA Lynn,1329.0,974.0,39.0,136.4476386036961,0.0,0.0,0.0,0.0,0.0,Player_116
CA Pujara,390.0,403.0,18.0,96.7741935483871,0.0,0.0,0.0,0.0,0.0,Player_117
CH Gayle,4997.0,3516.0,128.0,142.1217292377702,19.0,755.0,584.0,97.33333333333331,7.756849315068494,Player_118
CH Morris,618.0,413.0,29.0,149.636803874092,107.0,2377.0,1801.0,300.1666666666667,7.91893392559689,Player_119
CJ Anderson,538.0,436.0,22.0,123.39449541284404,14.0,525.0,315.0,52.5,10.0,Player_120
CJ Dala,0.0,0.0,0.0,0.0,0.0,34.0,19.0,3.1666666666666665,10.736842105263158,Player_121
CJ Ferguson,98.0,119.0,6.0,82.35294117647058,0.0,0.0,0.0,0.0,0.0,Player_122
CJ Green,0.0,0.0,0.0,0.0,0.0,24.0,17.0,2.833333333333333,8.470588235294118,Player_123
CJ Jordan,75.0,68.0,7.0,110.29411764705884,33.0,870.0,577.0,96.16666666666669,9.04679376083189,Player_124
CJ McKay,8.0,15.0,1.0,53.333333333333336,1.0,60.0,42.0,7.0,8.571428571428571,Player_125
CK Kapugedera,16.0,24.0,3.0,66.66666666666666,0.0,49.0,17.0,2.833333333333333,17.294117647058822,Player_126
CK Langeveldt,8.0,9.0,2.0,88.88888888888889,13.0,199.0,165.0,27.5,7.236363636363636,Player_127
CL White,971.0,774.0,35.0,125.45219638242897,1.0,86.0,46.0,7.666666666666667,11.217391304347826,Player_128
CM Gautam,169.0,158.0,9.0,106.9620253164557,0.0,0.0,0.0,0.0,0.0,Player_129
CR Brathwaite,181.0,120.0,14.0,150.83333333333334,16.0,384.0,266.0,44.333333333333336,8.661654135338345,Player_130
CR Woakes,78.0,77.0,5.0,101.29870129870127,31.0,674.0,463.0,77.16666666666667,8.734341252699783,Player_131
CRD Fernando,4.0,3.0,1.0,133.33333333333331,19.0,306.0,249.0,41.5,7.373493975903615,Player_132
CV Varun,24.0,38.0,2.0,63.1578947368421,44.0,1186.0,992.0,165.33333333333334,7.173387096774193,Player_133
D Brevis,161.0,116.0,7.0,138.79310344827587,1.0,8.0,3.0,0.5,16.0,Player_134
D Kalyankrishna,3.0,8.0,1.0,37.5,2.0,88.0,50.0,8.333333333333334,10.56,Player_135
D Padikkal,1260.0,1057.0,45.0,119.20529801324504,0.0,0.0,0.0,0.0,0.0,Player_136
D Pretorius,44.0,28.0,4.0,157.14285714285714,7.0,213.0,138.0,23.0,9.26086956521739,Player_137
D Salunkhe,33.0,24.0,1.0,137.5,1.0,80.0,51.0,8.5,9.411764705882351,Player_138
D Wiese,127.0,94.0,5.0,135.1063829787234,17.0,409.0,289.0,48.16666666666666,8.491349480968859,Player_139
D du Preez,10.0,13.0,1.0,76.92307692307693,4.0,56.0,43.0,7.166666666666667,7.813953488372093,Player_140
DA Miller,2455.0,1838.0,69.0,133.56909684439609,0.0,0.0,0.0,0.0,0.0,Player_141
DA Warner,5883.0,4313.0,143.0,136.40157662879665,0.0,2.0,2.0,0.3333333333333333,6.0,Player_142
DAJ Bracewell,12.0,9.0,0.0,133.33333333333331,3.0,32.0,25.0,4.166666666666667,7.68,Player_143
DB Das,304.0,267.0,12.0,113.85767790262172,0.0,0.0,0.0,0.0,0.0,Player_144
DB Ravi Teja,375.0,325.0,20.0,115.38461538461536,1.0,28.0,18.0,3.0,9.333333333333334,Player_145
DE Bollinger,21.0,23.0,1.0,91.30434782608695,43.0,716.0,600.0,100.0,7.16,Player_146
DG Nalkande,0.0,0.0,0.0,0.0,2.0,59.0,33.0,5.5,10.727272727272728,Player_147
DH Yagnik,170.0,142.0,9.0,119.71830985915491,0.0,0.0,0.0,0.0,0.0,Player_148
DJ Bravo,1560.0,1247.0,69.0,125.10024057738572,207.0,4436.0,3296.0,549.3333333333334,8.075242718446601,Player_149
DJ Harris,111.0,103.0,3.0,107.76699029126212,0.0,26.0,18.0,3.0,8.666666666666666,Player_150
DJ Hooda,1237.0,970.0,58.0,127.52577319587628,10.0,505.0,359.0,59.833333333333336,8.440111420612814,Player_151
DJ Hussey,1322.0,1101.0,49.0,120.07266121707538,10.0,485.0,323.0,53.833333333333336,9.009287925696594,Player_152
DJ Jacobs,92.0,101.0,7.0,91.0891089108911,0.0,0.0,0.0,0.0,0.0,Player_153
DJ Malan,26.0,26.0,1.0,100.0,0.0,0.0,0.0,0.0,0.0,Player_154
DJ Mitchell,33.0,46.0,2.0,71.73913043478261,0.0,27.0,13.0,2.1666666666666665,12.461538461538462,Player_155
DJ Muthuswami,1.0,3.0,1.0,33.33333333333333,4.0,108.0,84.0,14.0,7.714285714285714,Player_156
DJ Thornely,39.0,54.0,3.0,72.22222222222221,3.0,40.0,44.0,7.333333333333333,5.454545454545455,Player_157
DJ Willey,18.0,32.0,3.0,56.25,3.0,171.0,127.0,21.166666666666668,8.078740157480315,Player_158
DJG Sammy,295.0,251.0,15.0,117.52988047808766,14.0,354.0,244.0,40.66666666666666,8.704918032786885,Player_159
DJM Short,115.0,102.0,7.0,112.74509803921568,1.0,23.0,18.0,3.0,7.666666666666667,Player_160
DL Chahar,79.0,59.0,7.0,133.89830508474577,61.0,1739.0,1385.0,230.83333333333331,7.533574007220216,Player_161
DL Vettori,121.0,118.0,7.0,102.54237288135592,34.0,894.0,785.0,130.83333333333334,6.83312101910828,Player_162
DM Bravo,6.0,5.0,0.0,120.0,0.0,0.0,0.0,0.0,0.0,Player_163
DNT Zoysa,11.0,9.0,1.0,122.22222222222224,2.0,100.0,69.0,11.5,8.695652173913043,Player_164
DP Conway,252.0,176.0,6.0,143.1818181818182,0.0,0.0,0.0,0.0,0.0,Player_165
DP Nannes,4.0,13.0,1.0,30.76923076923077,38.0,815.0,689.0,114.83333333333331,7.097242380261249,Player_166
DP Vijaykumar,1.0,1.0,0.0,100.0,4.0,205.0,159.0,26.5,7.735849056603773,Player_167
DPMD Jayawardene,1808.0,1522.0,64.0,118.7910643889619,0.0,0.0,0.0,0.0,0.0,Player_168
DR Martyn,19.0,26.0,2.0,73.07692307692307,0.0,0.0,0.0,0.0,0.0,Player_169
DR Sams,44.0,48.0,10.0,91.66666666666666,15.0,528.0,389.0,64.83333333333333,8.143958868894602,Player_170
DR Shorey,13.0,20.0,2.0,65.0,0.0,0.0,0.0,0.0,0.0,Player_171
DR Smith,2385.0,1803.0,81.0,132.27953410981698,27.0,825.0,557.0,92.83333333333331,8.88689407540395,Player_172
DS Kulkarni,104.0,113.0,9.0,92.03539823008848,91.0,2513.0,1876.0,312.6666666666667,8.03731343283582,Player_173
DS Lehmann,18.0,19.0,2.0,94.73684210526316,0.0,0.0,0.0,0.0,0.0,Player_174
DT Christian,460.0,408.0,28.0,112.74509803921568,40.0,1218.0,922.0,153.66666666666666,7.926247288503254,Player_175
DT Patil,13.0,13.0,1.0,100.0,0.0,0.0,0.0,0.0,0.0,Player_176
DW Steyn,167.0,163.0,22.0,102.45398773006136,105.0,2583.0,2282.0,380.3333333333333,6.791411042944786,Player_177
E Lewis,654.0,499.0,24.0,131.062124248497,0.0,0.0,0.0,0.0,0.0,Player_178
EJG Morgan,1406.0,1181.0,61.0,119.05165114309906,0.0,0.0,0.0,0.0,0.0,Player_179
ER Dwivedi,24.0,15.0,2.0,160.0,0.0,0.0,0.0,0.0,0.0,Player_180
F Behardien,14.0,13.0,2.0,107.6923076923077,0.0,0.0,0.0,0.0,0.0,Player_181
F du Plessis,3403.0,2676.0,97.0,127.16741405082212,0.0,16.0,6.0,1.0,16.0,Player_182
FA Allen,14.0,19.0,2.0,73.68421052631578,2.0,136.0,91.0,15.166666666666666,8.967032967032967,Player_183
FH Edwards,4.0,5.0,1.0,80.0,6.0,160.0,150.0,25.0,6.4,Player_184
FY Fazal,183.0,179.0,9.0,102.23463687150836,1.0,20.0,12.0,2.0,10.0,Player_185
Fazalhaq Farooqi,2.0,8.0,0.0,25.0,2.0,110.0,76.0,12.666666666666666,8.68421052631579,Player_186
G Gambhir,4217.0,3524.0,135.0,119.66515323496029,0.0,0.0,0.0,0.0,0.0,Player_187
GB Hogg,22.0,22.0,2.0,100.0,25.0,585.0,466.0,77.66666666666667,7.532188841201716,Player_188
GC Smith,739.0,691.0,30.0,106.9464544138929,0.0,0.0,0.0,0.0,0.0,Player_189
GC Viljoen,3.0,7.0,2.0,42.85714285714285,8.0,229.0,146.0,24.33333333333333,9.41095890410959,Player_190
GD McGrath,4.0,5.0,1.0,80.0,14.0,366.0,329.0,54.833333333333336,6.674772036474164,Player_191
GD Phillips,26.0,33.0,2.0,78.78787878787878,1.0,20.0,13.0,2.1666666666666665,9.230769230769232,Player_192
GH Vihari,284.0,331.0,20.0,85.80060422960725,1.0,48.0,43.0,7.166666666666667,6.697674418604651,Player_193
GHS Garton,2.0,4.0,1.0,50.0,3.0,136.0,97.0,16.166666666666668,8.412371134020617,Player_194
GJ Bailey,663.0,552.0,29.0,120.1086956521739,0.0,0.0,0.0,0.0,0.0,Player_195
GJ Maxwell,2320.0,1571.0,90.0,147.67663908338636,31.0,1087.0,803.0,133.83333333333334,8.122042341220423,Player_196
GR Napier,15.0,16.0,1.0,93.75,1.0,28.0,24.0,4.0,7.0,Player_197
GS Sandhu,0.0,0.0,0.0,0.0,1.0,86.0,48.0,8.0,10.75,Player_198
Gagandeep Singh,0.0,0.0,0.0,0.0,3.0,142.0,84.0,14.0,10.142857142857142,Player_199
Gurkeerat Singh,511.0,436.0,27.0,117.20183486238533,5.0,97.0,82.0,13.666666666666666,7.097560975609756,Player_200
H Das,2.0,5.0,1.0,40.0,0.0,0.0,0.0,0.0,0.0,Player_201
H Klaasen,66.0,58.0,5.0,113.79310344827589,0.0,0.0,0.0,0.0,0.0,Player_202
HE van der Dussen,22.0,25.0,2.0,88.0,0.0,0.0,0.0,0.0,0.0,Player_203
HF Gurney,1.0,5.0,0.0,20.0,7.0,239.0,169.0,28.166666666666668,8.485207100591715,Player_204
HH Gibbs,886.0,837.0,32.0,105.8542413381123,0.0,0.0,0.0,0.0,0.0,Player_205
HH Pandya,1972.0,1406.0,66.0,140.2560455192034,53.0,1566.0,1103.0,183.83333333333331,8.518585675430643,Player_206
HM Amla,577.0,418.0,13.0,138.03827751196172,0.0,0.0,0.0,0.0,0.0,Player_207
HR Shokeen,43.0,48.0,2.0,89.58333333333334,2.0,130.0,94.0,15.666666666666666,8.297872340425533,Player_208
HV Patel,230.0,189.0,21.0,121.6931216931217,106.0,2262.0,1665.0,277.5,8.151351351351352,Player_209
Harbhajan Singh,833.0,636.0,56.0,130.9748427672956,161.0,4101.0,3496.0,582.6666666666666,7.0383295194508015,Player_210
Harmeet Singh,18.0,12.0,2.0,150.0,31.0,747.0,574.0,95.66666666666669,7.808362369337979,Player_211
Harpreet Brar,106.0,100.0,3.0,106.0,9.0,379.0,296.0,49.333333333333336,7.682432432432432,Player_212
Harpreet Singh,20.0,26.0,2.0,76.92307692307693,0.0,0.0,0.0,0.0,0.0,Player_213
Harshit Rana,2.0,2.0,1.0,100.0,1.0,52.0,31.0,5.166666666666667,10.064516129032258,Player_214
I Malhotra,7.0,4.0,0.0,175.0,0.0,23.0,6.0,1.0,23.0,Player_215
I Sharma,55.0,62.0,7.0,88.70967741935483,74.0,2779.0,2090.0,348.3333333333333,7.97799043062201,Player_216
I Udana,15.0,11.0,3.0,136.36363636363637,8.0,286.0,182.0,30.33333333333333,9.428571428571429,Player_217
IC Pandey,0.0,2.0,1.0,0.0,19.0,609.0,469.0,78.16666666666667,7.791044776119403,Player_218
IC Porel,0.0,0.0,0.0,0.0,1.0,42.0,26.0,4.333333333333333,9.692307692307692,Player_219
IK Pathan,1150.0,985.0,53.0,116.751269035533,99.0,2711.0,2113.0,352.1666666666667,7.698059630856601,Player_220
IR Jaggi,76.0,100.0,5.0,76.0,0.0,0.0,0.0,0.0,0.0,Player_221
IS Sodhi,7.0,18.0,2.0,38.88888888888889,9.0,204.0,182.0,30.33333333333333,6.725274725274725,Player_222
Imran Tahir,33.0,37.0,4.0,89.1891891891892,86.0,1729.0,1340.0,223.33333333333331,7.741791044776119,Player_223
Iqbal Abdulla,88.0,86.0,1.0,102.32558139534883,45.0,1125.0,943.0,157.16666666666666,7.158006362672323,Player_224
Ishan Kishan,1870.0,1444.0,62.0,129.50138504155123,0.0,0.0,0.0,0.0,0.0,Player_225
J Arunkumar,23.0,24.0,3.0,95.83333333333334,0.0,0.0,0.0,0.0,0.0,Player_226
J Botha,409.0,364.0,22.0,112.36263736263736,27.0,818.0,709.0,118.16666666666669,6.922425952045134,Player_227
J Suchith,70.0,62.0,4.0,112.90322580645164,20.0,604.0,434.0,72.33333333333333,8.350230414746544,Player_228
J Syed Mohammad,29.0,27.0,2.0,107.40740740740742,10.0,286.0,196.0,32.666666666666664,8.755102040816327,Player_229
J Theron,10.0,13.0,2.0,76.92307692307693,13.0,311.0,235.0,39.16666666666666,7.940425531914894,Player_230
J Yadav,40.0,38.0,2.0,105.26315789473684,9.0,421.0,374.0,62.333333333333336,6.754010695187166,Player_231
JA Morkel,975.0,712.0,40.0,136.938202247191,96.0,2409.0,1807.0,301.1666666666667,7.998893193137797,Player_232
JA Richardson,15.0,25.0,2.0,60.0,3.0,122.0,69.0,11.5,10.608695652173912,Player_233
JC Archer,195.0,128.0,13.0,152.34375,47.0,1008.0,858.0,143.0,7.048951048951049,Player_234
JC Buttler,2832.0,1955.0,71.0,144.85933503836316,0.0,0.0,0.0,0.0,0.0,Player_235
JD Ryder,604.0,466.0,29.0,129.6137339055794,11.0,314.0,241.0,40.16666666666666,7.817427385892117,Player_236
JD Unadkat,164.0,136.0,11.0,120.58823529411764,99.0,2806.0,1942.0,323.6666666666667,8.66941297631308,Player_237
JDP Oram,106.0,110.0,8.0,96.36363636363636,13.0,362.0,244.0,40.66666666666666,8.901639344262296,Player_238
JDS Neesham,92.0,93.0,8.0,98.9247311827957,8.0,342.0,222.0,37.0,9.243243243243244,Player_239
JE Taylor,3.0,4.0,0.0,75.0,6.0,167.0,122.0,20.33333333333333,8.213114754098362,Player_240
JEC Franklin,327.0,309.0,11.0,105.8252427184466,9.0,225.0,155.0,25.83333333333333,8.70967741935484,Player_241
JH Kallis,2427.0,2291.0,89.0,105.93627237014404,74.0,2348.0,1799.0,299.8333333333333,7.831017231795442,Player_242
JJ Bumrah,56.0,68.0,8.0,82.35294117647058,161.0,3499.0,2857.0,476.1666666666667,7.348267413370668,Player_243
JJ Roy,329.0,264.0,11.0,124.62121212121212,0.0,0.0,0.0,0.0,0.0,Player_244
JJ van der Wath,18.0,17.0,2.0,105.88235294117648,3.0,134.0,76.0,12.666666666666666,10.578947368421051,Player_245
JL Denly,0.0,1.0,1.0,0.0,0.0,0.0,0.0,0.0,0.0,Player_246
JL Pattinson,15.0,13.0,1.0,115.38461538461536,11.0,321.0,222.0,37.0,8.675675675675675,Player_247
JM Bairstow,1291.0,935.0,38.0,138.07486631016044,0.0,0.0,0.0,0.0,0.0,Player_248
JM Kemp,26.0,25.0,2.0,104.0,3.0,58.0,47.0,7.833333333333333,7.404255319148937,Player_249
JM Sharma,234.0,149.0,8.0,157.04697986577182,0.0,0.0,0.0,0.0,0.0,Player_250
JO Holder,247.0,205.0,19.0,120.48780487804878,55.0,1199.0,873.0,145.5,8.240549828178693,Player_251
JP Behrendorff,0.0,0.0,0.0,0.0,5.0,168.0,117.0,19.5,8.615384615384615,Player_252
JP Duminy,2029.0,1680.0,49.0,120.77380952380952,23.0,847.0,701.0,116.83333333333331,7.249643366619116,Player_253
JP Faulkner,527.0,406.0,28.0,129.80295566502463,76.0,1849.0,1287.0,214.5,8.62004662004662,Player_254
JPR Scantlebury-Searles,8.0,6.0,1.0,133.33333333333331,2.0,89.0,45.0,7.5,11.866666666666667,Player_255
JR Hazlewood,18.0,27.0,0.0,66.66666666666666,33.0,754.0,565.0,94.16666666666669,8.007079646017699,Player_256
JR Hopes,417.0,314.0,17.0,132.80254777070064,14.0,562.0,369.0,61.5,9.138211382113822,Player_257
JR Philippe,78.0,80.0,4.0,97.5,0.0,0.0,0.0,0.0,0.0,Player_258
JW Hastings,0.0,0.0,0.0,0.0,3.0,66.0,61.0,10.166666666666666,6.491803278688525,Player_259
Jalaj S Saxena,0.0,0.0,0.0,0.0,0.0,27.0,18.0,3.0,9.0,Player_260
Jaskaran Singh,8.0,11.0,2.0,72.72727272727273,6.0,174.0,111.0,18.5,9.405405405405403,Player_261
Joginder Sharma,36.0,30.0,4.0,120.0,13.0,421.0,272.0,45.333333333333336,9.286764705882351,Player_262
K Goel,218.0,239.0,14.0,91.21338912133892,0.0,94.0,67.0,11.166666666666666,8.417910447761194,Player_263
K Gowtham,186.0,115.0,14.0,161.7391304347826,19.0,677.0,486.0,81.0,8.358024691358025,Player_264
K Kartikeya,3.0,6.0,1.0,50.0,5.0,103.0,78.0,13.0,7.923076923076923,Player_265
K Khejroliya,0.0,0.0,0.0,0.0,3.0,157.0,101.0,16.833333333333332,9.326732673267328,Player_266
K Rabada,186.0,188.0,14.0,98.93617021276596,108.0,2023.0,1498.0,249.66666666666663,8.102803738317757,Player_267
K Santokie,0.0,0.0,0.0,0.0,3.0,91.0,51.0,8.5,10.705882352941176,Player_268
K Upadhyay,12.0,9.0,0.0,133.33333333333331,0.0,81.0,56.0,9.333333333333334,8.678571428571429,Player_269
K Yadav,0.0,4.0,0.0,0.0,0.0,17.0,12.0,2.0,8.5,Player_270
KA Jamieson,65.0,55.0,3.0,118.1818181818182,9.0,271.0,179.0,29.83333333333333,9.083798882681563,Player_271
KA Pollard,3437.0,2447.0,129.0,140.45770331017573,81.0,2200.0,1586.0,264.3333333333333,8.32282471626734,Player_272
KAJ Roach,10.0,9.0,1.0,111.11111111111111,0.0,80.0,52.0,8.666666666666666,9.230769230769232,Player_273
KB Arun Karthik,51.0,53.0,5.0,96.22641509433964,0.0,0.0,0.0,0.0,0.0,Player_274
KC Cariappa,24.0,21.0,3.0,114.28571428571428,8.0,349.0,224.0,37.333333333333336,9.348214285714285,Player_275
KC Sangakkara,1687.0,1424.0,69.0,118.4691011235955,0.0,0.0,0.0,0.0,0.0,Player_276
KD Karthik,4377.0,3386.0,168.0,129.26757235676314,0.0,0.0,0.0,0.0,0.0,Player_277
KH Pandya,1326.0,1003.0,58.0,132.20338983050848,65.0,2066.0,1725.0,287.5,7.18608695652174,Player_278
KJ Abbott,13.0,8.0,1.0,162.5,2.0,182.0,102.0,17.0,10.705882352941176,Player_279
KK Ahmed,1.0,7.0,5.0,14.285714285714285,51.0,1116.0,809.0,134.83333333333334,8.276885043263288,Player_280
KK Cooper,116.0,70.0,9.0,165.71428571428572,36.0,789.0,600.0,100.0,7.89,Player_281
KK Nair,1496.0,1192.0,65.0,125.503355704698,0.0,0.0,0.0,0.0,0.0,Player_282
KL Nagarkoti,22.0,34.0,4.0,64.70588235294117,5.0,287.0,185.0,30.83333333333333,9.308108108108108,Player_283
KL Rahul,3895.0,2933.0,84.0,132.79918172519604,0.0,0.0,0.0,0.0,0.0,Player_284
KM Asif,0.0,0.0,0.0,0.0,4.0,93.0,52.0,8.666666666666666,10.730769230769232,Player_285
KM Jadhav,1196.0,1002.0,54.0,119.36127744510978,0.0,0.0,0.0,0.0,0.0,Player_286
KMA Paul,18.0,26.0,4.0,69.23076923076923,10.0,239.0,180.0,30.0,7.966666666666667,Player_287
KMDN Kulasekara,5.0,3.0,0.0,166.66666666666669,6.0,122.0,107.0,17.833333333333332,6.841121495327103,Player_288
KP Appanna,2.0,4.0,1.0,50.0,11.0,291.0,222.0,37.0,7.864864864864865,Player_289
KP Pietersen,1001.0,758.0,29.0,132.05804749340368,9.0,218.0,180.0,30.0,7.266666666666667,Player_290
KR Sen,0.0,3.0,0.0,0.0,8.0,240.0,157.0,26.166666666666668,9.171974522292992,Player_291
KS Bharat,199.0,168.0,7.0,118.45238095238096,0.0,0.0,0.0,0.0,0.0,Player_292
KS Sharma,4.0,4.0,1.0,100.0,0.0,0.0,0.0,0.0,0.0,Player_293
KS Williamson,2105.0,1707.0,57.0,123.31575864089046,0.0,31.0,18.0,3.0,10.333333333333334,Player_294
KV Sharma,317.0,285.0,21.0,111.2280701754386,64.0,1645.0,1239.0,206.5,7.966101694915254,Player_295
KW Richardson,36.0,39.0,3.0,92.3076923076923,21.0,479.0,345.0,57.5,8.330434782608696,Player_296
Kamran Akmal,128.0,78.0,4.0,164.1025641025641,0.0,0.0,0.0,0.0,0.0,Player_297
Kamran Khan,3.0,5.0,1.0,60.0,14.0,248.0,177.0,29.5,8.40677966101695,Player_298
Karanveer Singh,12.0,17.0,1.0,70.58823529411765,14.0,323.0,213.0,35.5,9.098591549295774,Player_299
Kartik Tyagi,13.0,16.0,4.0,81.25,15.0,576.0,388.0,64.66666666666667,8.90721649484536,Player_300
Kuldeep Yadav,105.0,130.0,5.0,80.76923076923077,64.0,1671.0,1219.0,203.16666666666663,8.224774405250205,Player_301
L Ablish,0.0,2.0,0.0,0.0,5.0,76.0,45.0,7.5,10.133333333333333,Player_302
L Balaji,36.0,50.0,7.0,72.0,85.0,2083.0,1574.0,262.3333333333333,7.940279542566709,Player_303
L Ngidi,0.0,0.0,0.0,0.0,28.0,460.0,342.0,57.0,8.070175438596491,Player_304
L Ronchi,34.0,37.0,3.0,91.8918918918919,0.0,0.0,0.0,0.0,0.0,Player_305
LA Carseldine,81.0,71.0,3.0,114.08450704225352,1.0,6.0,7.0,1.1666666666666667,5.142857142857142,Player_306
LA Pomersbach,302.0,251.0,11.0,120.3187250996016,0.0,0.0,0.0,0.0,0.0,Player_307
LE Plunkett,1.0,3.0,1.0,33.33333333333333,4.0,228.0,154.0,25.666666666666668,8.883116883116882,Player_308
LH Ferguson,67.0,47.0,3.0,142.5531914893617,46.0,1093.0,805.0,134.16666666666666,8.146583850931677,Player_309
LI Meriwala,0.0,0.0,0.0,0.0,1.0,32.0,19.0,3.1666666666666665,10.105263157894738,Player_310
LJ Wright,106.0,63.0,4.0,168.25396825396825,2.0,125.0,75.0,12.5,10.0,Player_311
LMP Simmons,1079.0,878.0,27.0,122.89293849658314,1.0,34.0,18.0,3.0,11.333333333333334,Player_312
LPC Silva,40.0,27.0,2.0,148.14814814814815,0.0,21.0,6.0,1.0,21.0,Player_313
LR Shukla,405.0,358.0,29.0,113.12849162011172,17.0,458.0,326.0,54.333333333333336,8.429447852760736,Player_314
LRPL Taylor,1017.0,847.0,41.0,120.07083825265644,0.0,24.0,13.0,2.1666666666666665,11.076923076923078,Player_315
LS Livingstone,549.0,352.0,20.0,155.9659090909091,6.0,215.0,150.0,25.0,8.6,Player_316
Lalit Yadav,229.0,227.0,8.0,100.88105726872249,8.0,253.0,194.0,32.333333333333336,7.824742268041237,Player_317
M Ashwin,35.0,50.0,8.0,70.0,35.0,1129.0,873.0,145.5,7.759450171821306,Player_318
M Jansen,9.0,11.0,3.0,81.81818181818183,10.0,325.0,241.0,40.16666666666666,8.091286307053942,Player_319
M Kaif,259.0,258.0,16.0,100.3875968992248,0.0,0.0,0.0,0.0,0.0,Player_320
M Kartik,113.0,109.0,7.0,103.6697247706422,39.0,1418.0,1182.0,197.0,7.197969543147208,Player_321
M Klinger,73.0,78.0,4.0,93.5897435897436,0.0,0.0,0.0,0.0,0.0,Player_322
M Manhas,514.0,486.0,24.0,105.76131687242798,0.0,42.0,42.0,7.0,6.0,Player_323
M Markande,27.0,30.0,3.0,90.0,17.0,522.0,365.0,60.833333333333336,8.580821917808219,Player_324
M Morkel,126.0,93.0,11.0,135.48387096774192,88.0,2136.0,1699.0,283.1666666666667,7.543260741612713,Player_325
M Muralitharan,20.0,30.0,6.0,66.66666666666666,67.0,1765.0,1581.0,263.5,6.698292220113852,Player_326
M Ntini,11.0,19.0,1.0,57.89473684210527,8.0,257.0,213.0,35.5,7.23943661971831,Player_327
M Pathirana,0.0,0.0,0.0,0.0,2.0,56.0,48.0,8.0,7.0,Player_328
M Prasidh Krishna,9.0,24.0,2.0,37.5,54.0,1741.0,1231.0,205.16666666666663,8.48578391551584,Player_329
M Rawat,55.0,70.0,5.0,78.57142857142857,0.0,0.0,0.0,0.0,0.0,Player_330
M Shahrukh Khan,270.0,236.0,13.0,114.40677966101696,0.0,0.0,0.0,0.0,0.0,Player_331
M Theekshana,7.0,7.0,1.0,100.0,12.0,267.0,212.0,35.333333333333336,7.556603773584905,Player_332
M Vijay,2619.0,2208.0,97.0,118.61413043478262,0.0,49.0,37.0,6.166666666666667,7.945945945945946,Player_333
M Vohra,1073.0,852.0,47.0,125.93896713615024,0.0,0.0,0.0,0.0,0.0,Player_334
M de Lange,1.0,2.0,1.0,50.0,6.0,171.0,116.0,19.33333333333333,8.844827586206897,Player_335
MA Agarwal,2335.0,1803.0,102.0,129.5063782584581,0.0,0.0,0.0,0.0,0.0,Player_336
MA Khote,24.0,22.0,2.0,109.09090909090908,2.0,52.0,30.0,5.0,10.4,Player_337
MA Starc,96.0,98.0,6.0,97.95918367346938,39.0,725.0,612.0,102.0,7.107843137254902,Player_338
MA Wood,1.0,5.0,1.0,20.0,0.0,50.0,25.0,4.166666666666667,12.0,Player_339
MB Parmar,0.0,0.0,0.0,0.0,0.0,33.0,19.0,3.1666666666666665,10.421052631578949,Player_340
MC Henriques,1000.0,801.0,38.0,124.84394506866415,46.0,1302.0,979.0,163.16666666666666,7.979570990806946,Player_341
MC Juneja,125.0,134.0,7.0,93.28358208955224,0.0,0.0,0.0,0.0,0.0,Player_342
MD Mishra,237.0,213.0,15.0,111.26760563380284,0.0,0.0,0.0,0.0,0.0,Player_343
MDKJ Perera,14.0,13.0,2.0,107.6923076923077,0.0,0.0,0.0,0.0,0.0,Player_344
MEK Hussey,1977.0,1648.0,52.0,119.96359223300972,0.0,0.0,0.0,0.0,0.0,Player_345
MF Maharoof,177.0,124.0,10.0,142.74193548387098,33.0,532.0,441.0,73.5,7.238095238095238,Player_346
MG Johnson,167.0,168.0,14.0,99.40476190476193,66.0,1740.0,1301.0,216.83333333333331,8.024596464258263,Player_347
MG Neser,0.0,0.0,0.0,0.0,0.0,62.0,25.0,4.166666666666667,14.88,Player_348
MJ Clarke,98.0,96.0,6.0,102.08333333333331,3.0,72.0,66.0,11.0,6.545454545454546,Player_349
MJ Guptill,271.0,197.0,12.0,137.56345177664974,0.0,0.0,0.0,0.0,0.0,Player_350
MJ Henry,0.0,0.0,0.0,0.0,2.0,71.0,31.0,5.166666666666667,13.741935483870966,Player_351
MJ Lumb,278.0,198.0,10.0,140.4040404040404,0.0,0.0,0.0,0.0,0.0,Player_352
MJ McClenaghan,85.0,73.0,11.0,116.43835616438356,75.0,1839.0,1346.0,224.33333333333331,8.197622585438335,Player_353
MJ Santner,54.0,55.0,3.0,98.1818181818182,10.0,282.0,244.0,40.66666666666666,6.9344262295081975,Player_354
MK Lomror,267.0,214.0,13.0,124.76635514018692,1.0,92.0,73.0,12.166666666666666,7.561643835616438,Player_355
MK Pandey,3657.0,3106.0,122.0,117.73985833869928,0.0,0.0,0.0,0.0,0.0,Player_356
MK Tiwary,1695.0,1489.0,61.0,113.83478844862324,1.0,83.0,45.0,7.5,11.066666666666666,Player_357
ML Hayden,1107.0,839.0,28.0,131.94278903456495,0.0,0.0,0.0,0.0,0.0,Player_358
MM Ali,910.0,652.0,37.0,139.57055214723923,29.0,631.0,564.0,94.0,6.712765957446808,Player_359
MM Patel,39.0,41.0,5.0,95.1219512195122,82.0,1733.0,1382.0,230.33333333333331,7.523878437047757,Player_360
MM Sharma,122.0,120.0,14.0,101.66666666666666,100.0,2488.0,1795.0,299.1666666666667,8.316434540389972,Player_361
MN Samuels,161.0,174.0,12.0,92.52873563218392,10.0,285.0,219.0,36.5,7.808219178082192,Player_362
MN van Wyk,167.0,135.0,3.0,123.7037037037037,0.0,0.0,0.0,0.0,0.0,Player_363
MP Stoinis,1070.0,813.0,41.0,131.61131611316114,35.0,1072.0,675.0,112.5,9.528888888888888,Player_364
MR Marsh,476.0,394.0,20.0,120.81218274111676,24.0,528.0,407.0,67.83333333333333,7.783783783783784,Player_365
MS Bisla,798.0,737.0,37.0,108.27679782903662,0.0,0.0,0.0,0.0,0.0,Player_366
MS Dhoni,4978.0,3802.0,142.0,130.93108890057866,0.0,0.0,0.0,0.0,0.0,Player_367
MS Gony,99.0,76.0,9.0,130.26315789473685,39.0,1317.0,925.0,154.16666666666666,8.542702702702703,Player_368
MS Wade,179.0,178.0,12.0,100.561797752809,0.0,0.0,0.0,0.0,0.0,Player_369
MV Boucher,394.0,318.0,15.0,123.89937106918238,0.0,0.0,0.0,0.0,0.0,Player_370
Mandeep Singh,1692.0,1402.0,82.0,120.68473609129816,0.0,26.0,12.0,2.0,13.0,Player_371
Mashrafe Mortaza,2.0,2.0,0.0,100.0,1.0,59.0,28.0,4.666666666666667,12.642857142857142,Player_372
Misbah-ul-Haq,117.0,82.0,9.0,142.6829268292683,0.0,0.0,0.0,0.0,0.0,Player_373
Mohammad Ashraful,2.0,12.0,1.0,16.666666666666664,0.0,0.0,0.0,0.0,0.0,Player_374
Mohammad Asif,3.0,6.0,2.0,50.0,9.0,307.0,199.0,33.166666666666664,9.256281407035177,Player_375
Mohammad Hafeez,64.0,84.0,8.0,76.19047619047619,2.0,71.0,63.0,10.5,6.761904761904762,Player_376
Mohammad Nabi,186.0,126.0,13.0,147.61904761904762,13.0,417.0,345.0,57.5,7.252173913043478,Player_377
Mohammed Shami,69.0,74.0,11.0,93.24324324324324,116.0,2954.0,2118.0,353.0,8.36827195467422,Player_378
Mohammed Siraj,96.0,111.0,8.0,86.48648648648648,61.0,1992.0,1402.0,233.66666666666663,8.524964336661911,Player_379
Mohsin Khan,23.0,19.0,1.0,121.05263157894736,14.0,202.0,206.0,34.333333333333336,5.883495145631067,Player_380
Monu Kumar,0.0,0.0,0.0,0.0,0.0,20.0,16.0,2.6666666666666665,7.5,Player_381
Mujeeb Ur Rahman,12.0,15.0,3.0,80.0,20.0,598.0,452.0,75.33333333333333,7.938053097345133,Player_382
Mukesh Choudhary,6.0,6.0,0.0,100.0,16.0,425.0,291.0,48.5,8.762886597938145,Player_383
Mustafizur Rahman,12.0,22.0,1.0,54.54545454545454,55.0,1389.0,1086.0,181.0,7.6740331491712706,Player_384
N Jagadeesan,73.0,71.0,3.0,102.8169014084507,0.0,0.0,0.0,0.0,0.0,Player_385
N Pooran,912.0,630.0,37.0,144.76190476190476,0.0,0.0,0.0,0.0,0.0,Player_386
N Rana,2181.0,1677.0,79.0,130.05366726296958,7.0,178.0,131.0,21.83333333333333,8.15267175572519,Player_387
N Saini,140.0,143.0,11.0,97.9020979020979,0.0,0.0,0.0,0.0,0.0,Player_388
NB Singh,0.0,0.0,0.0,0.0,1.0,18.0,25.0,4.166666666666667,4.319999999999999,Player_389
ND Doshi,0.0,13.0,1.0,0.0,2.0,79.0,57.0,9.5,8.31578947368421,Player_390
NJ Maddinson,20.0,21.0,3.0,95.23809523809524,0.0,0.0,0.0,0.0,0.0,Player_391
NJ Rimmington,1.0,1.0,0.0,100.0,0.0,20.0,18.0,3.0,6.666666666666667,Player_392
NK Patel,121.0,124.0,5.0,97.58064516129032,0.0,0.0,0.0,0.0,0.0,Player_393
NL McCullum,26.0,23.0,3.0,113.04347826086956,0.0,35.0,30.0,5.0,7.0,Player_394
NLTC Perera,424.0,326.0,24.0,130.06134969325154,37.0,1031.0,715.0,119.16666666666669,8.651748251748252,Player_395
NM Coulter-Nile,82.0,75.0,10.0,109.33333333333331,52.0,1125.0,892.0,148.66666666666666,7.567264573991032,Player_396
NS Naik,31.0,53.0,4.0,58.490566037735846,0.0,0.0,0.0,0.0,0.0,Player_397
NT Ellis,18.0,19.0,2.0,94.73684210526316,5.0,148.0,108.0,18.0,8.222222222222221,Player_398
NV Ojha,1554.0,1360.0,74.0,114.26470588235291,0.0,0.0,0.0,0.0,0.0,Player_399
Navdeep Saini,33.0,38.0,4.0,86.8421052631579,23.0,928.0,657.0,109.5,8.474885844748858,Player_400
O Thomas,0.0,0.0,0.0,0.0,5.0,85.0,63.0,10.5,8.095238095238095,Player_401
OA Shah,506.0,405.0,13.0,124.93827160493828,0.0,0.0,0.0,0.0,0.0,Player_402
OC McCoy,8.0,5.0,0.0,160.0,11.0,242.0,173.0,28.83333333333333,8.39306358381503,Player_403
OF Smith,51.0,50.0,3.0,102.0,7.0,179.0,95.0,15.833333333333334,11.305263157894736,Player_404
P Amarnath,0.0,0.0,0.0,0.0,7.0,241.0,132.0,22.0,10.954545454545457,Player_405
P Awana,5.0,14.0,3.0,35.714285714285715,43.0,1046.0,774.0,129.0,8.108527131782946,Player_406
P Chopra,8.0,6.0,1.0,133.33333333333331,0.0,0.0,0.0,0.0,0.0,Player_407
P Dogra,127.0,141.0,12.0,90.0709219858156,0.0,0.0,0.0,0.0,0.0,Player_408
P Dubey,7.0,13.0,0.0,53.84615384615385,0.0,72.0,48.0,8.0,9.0,Player_409
P Kumar,340.0,323.0,34.0,105.26315789473684,102.0,3342.0,2637.0,439.5,7.604095563139932,Player_410
P Negi,365.0,301.0,26.0,121.2624584717608,38.0,954.0,733.0,122.16666666666669,7.80900409276944,Player_411
P Parameswaran,1.0,3.0,0.0,33.33333333333333,9.0,226.0,159.0,26.5,8.528301886792454,Player_412
P Prasanth,0.0,0.0,0.0,0.0,0.0,18.0,6.0,1.0,18.0,Player_413
P Ray Barman,19.0,25.0,1.0,76.0,0.0,56.0,24.0,4.0,14.0,Player_414
P Sahu,19.0,13.0,0.0,146.15384615384613,3.0,152.0,107.0,17.833333333333332,8.52336448598131,Player_415
P Simran Singh,64.0,67.0,6.0,95.52238805970148,0.0,0.0,0.0,0.0,0.0,Player_416
P Suyal,0.0,0.0,0.0,0.0,2.0,154.0,107.0,17.833333333333332,8.63551401869159,Player_417
PA Patel,2848.0,2442.0,127.0,116.62571662571663,0.0,0.0,0.0,0.0,0.0,Player_418
PA Reddy,164.0,167.0,10.0,98.20359281437123,0.0,0.0,0.0,0.0,0.0,Player_419
PBB Rajapaksa,206.0,137.0,9.0,150.36496350364962,0.0,0.0,0.0,0.0,0.0,Player_420
PC Valthaty,505.0,432.0,22.0,116.89814814814814,7.0,207.0,153.0,25.5,8.117647058823529,Player_421
PD Collingwood,203.0,159.0,4.0,127.67295597484276,5.0,101.0,90.0,15.0,6.733333333333333,Player_422
PH Solanki,0.0,0.0,0.0,0.0,2.0,39.0,36.0,6.0,6.5,Player_423
PJ Cummins,379.0,260.0,22.0,145.76923076923077,48.0,1405.0,995.0,165.83333333333334,8.472361809045225,Player_424
PJ Sangwan,26.0,47.0,8.0,55.319148936170215,44.0,1267.0,905.0,150.83333333333334,8.4,Player_425
PK Garg,251.0,224.0,16.0,112.05357142857142,0.0,0.0,0.0,0.0,0.0,Player_426
PM Sarvesh Kumar,1.0,2.0,0.0,50.0,1.0,42.0,31.0,5.166666666666667,8.129032258064516,Player_427
PN Mankad,4.0,1.0,0.0,400.0,0.0,0.0,0.0,0.0,0.0,Player_428
PP Chawla,584.0,543.0,51.0,107.55064456721914,165.0,4368.0,3309.0,551.5,7.920217588395285,Player_429
PP Ojha,16.0,45.0,10.0,35.55555555555556,99.0,2399.0,1945.0,324.1666666666667,7.40051413881748,Player_430
PP Shaw,1588.0,1106.0,61.0,143.58047016274864,0.0,0.0,0.0,0.0,0.0,Player_431
PR Shah,92.0,97.0,8.0,94.84536082474226,0.0,0.0,0.0,0.0,0.0,Player_432
PSP Handscomb,6.0,12.0,1.0,50.0,0.0,0.0,0.0,0.0,0.0,Player_433
PV Tambe,18.0,39.0,1.0,46.15384615384615,28.0,866.0,674.0,112.33333333333331,7.70919881305638,Player_434
PVD Chameera,43.0,32.0,3.0,134.375,11.0,393.0,278.0,46.333333333333336,8.482014388489208,Player_435
PWH de Silva,39.0,50.0,8.0,78.0,27.0,499.0,382.0,63.66666666666666,7.837696335078534,Player_436
Pankaj Singh,7.0,12.0,2.0,58.333333333333336,11.0,472.0,311.0,51.833333333333336,9.106109324758842,Player_437
Parvez Rasool,17.0,20.0,2.0,85.0,4.0,273.0,200.0,33.333333333333336,8.19,Player_438
Q de Kock,2767.0,2113.0,86.0,130.9512541410317,0.0,0.0,0.0,0.0,0.0,Player_439
R Ashwin,647.0,567.0,48.0,114.10934744268076,174.0,4596.0,4024.0,670.6666666666666,6.852882703777336,Player_440
R Bhatia,342.0,290.0,29.0,117.9310344827586,82.0,2059.0,1661.0,276.8333333333333,7.437688139674895,Player_441
R Bishnoi,19.0,17.0,3.0,111.76470588235294,0.0,0.0,0.0,0.0,0.0,Player_442
R Dhawan,190.0,176.0,9.0,107.95454545454544,26.0,819.0,632.0,105.33333333333331,7.775316455696203,Player_443
R Dravid,2174.0,1918.0,77.0,113.34723670490096,0.0,0.0,0.0,0.0,0.0,Player_444
R McLaren,159.0,178.0,8.0,89.32584269662921,14.0,558.0,372.0,62.0,9.0,Player_445
R Ninan,3.0,6.0,1.0,50.0,3.0,65.0,36.0,6.0,10.833333333333334,Player_446
R Parag,522.0,434.0,29.0,120.27649769585254,5.0,280.0,162.0,27.0,10.37037037037037,Player_447
R Powell,250.0,174.0,11.0,143.67816091954023,0.0,17.0,7.0,1.1666666666666667,14.571428571428571,Player_448
R Rampaul,51.0,52.0,5.0,98.07692307692308,17.0,319.0,278.0,46.333333333333336,6.884892086330935,Player_449
R Sai Kishore,0.0,0.0,0.0,0.0,6.0,122.0,98.0,16.333333333333332,7.469387755102042,Player_450
R Sanjay Yadav,0.0,2.0,1.0,0.0,0.0,23.0,14.0,2.333333333333333,9.857142857142856,Player_451
R Sathish,270.0,236.0,16.0,114.40677966101696,6.0,233.0,144.0,24.0,9.708333333333334,Player_452
R Sharma,66.0,77.0,11.0,85.71428571428571,42.0,1100.0,935.0,155.83333333333334,7.0588235294117645,Player_453
R Shepherd,58.0,43.0,3.0,134.88372093023256,4.0,98.0,57.0,9.5,10.31578947368421,Player_454
R Shukla,19.0,23.0,2.0,82.6086956521739,7.0,217.0,130.0,21.666666666666668,10.015384615384615,Player_455
R Tewatia,738.0,588.0,31.0,125.51020408163264,36.0,1102.0,852.0,142.0,7.76056338028169,Player_456
R Vinay Kumar,310.0,289.0,26.0,107.26643598615917,127.0,3041.0,2186.0,364.3333333333333,8.346752058554438,Player_457
RA Bawa,11.0,14.0,2.0,78.57142857142857,0.0,0.0,0.0,0.0,0.0,Player_458
RA Jadeja,2502.0,2049.0,100.0,122.10834553440704,141.0,4114.0,3262.0,543.6666666666666,7.5671367259350095,Player_459
RA Shaikh,0.0,0.0,0.0,0.0,0.0,11.0,6.0,1.0,11.0,Player_460
RA Tripathi,1798.0,1312.0,64.0,137.04268292682926,0.0,12.0,6.0,1.0,12.0,Player_461
RD Chahar,108.0,102.0,13.0,105.88235294117648,58.0,1497.0,1207.0,201.16666666666663,7.441590720795361,Player_462
RD Gaikwad,1207.0,945.0,32.0,127.72486772486774,0.0,0.0,0.0,0.0,0.0,Player_463
RE Levi,83.0,74.0,6.0,112.16216216216218,0.0,0.0,0.0,0.0,0.0,Player_464
RE van der Merwe,159.0,144.0,12.0,110.41666666666669,25.0,515.0,455.0,75.83333333333333,6.791208791208792,Player_465
RG More,2.0,2.0,0.0,100.0,1.0,63.0,37.0,6.166666666666667,10.216216216216216,Player_466
RG Sharma,5881.0,4632.0,203.0,126.96459412780656,16.0,462.0,349.0,58.16666666666666,7.94269340974212,Player_467
RJ Harris,117.0,112.0,12.0,104.46428571428572,47.0,1085.0,865.0,144.16666666666666,7.526011560693642,Player_468
RJ Peterson,32.0,32.0,3.0,100.0,3.0,70.0,48.0,8.0,8.75,Player_469
RJ Quiney,103.0,105.0,7.0,98.09523809523807,0.0,0.0,0.0,0.0,0.0,Player_470
RK Bhui,7.0,18.0,2.0,38.88888888888889,0.0,0.0,0.0,0.0,0.0,Player_471
RK Singh,251.0,204.0,12.0,123.03921568627452,0.0,0.0,0.0,0.0,0.0,Player_472
RM Patidar,404.0,297.0,10.0,136.02693602693603,0.0,0.0,0.0,0.0,0.0,Player_473
RN ten Doeschate,326.0,238.0,17.0,136.9747899159664,3.0,94.0,83.0,13.833333333333334,6.795180722891566,Player_474
RP Meredith,0.0,1.0,1.0,0.0,14.0,412.0,289.0,48.16666666666666,8.55363321799308,Player_475
RP Singh,52.0,78.0,15.0,66.66666666666666,100.0,2417.0,1874.0,312.3333333333333,7.738527214514408,Player_476
RR Bhatkal,0.0,2.0,2.0,0.0,0.0,35.0,12.0,2.0,17.5,Player_477
RR Bose,0.0,0.0,0.0,0.0,0.0,24.0,12.0,2.0,12.0,Player_478
RR Pant,2851.0,2000.0,85.0,142.55,0.0,0.0,0.0,0.0,0.0,Player_479
RR Powar,67.0,64.0,3.0,104.6875,15.0,538.0,443.0,73.83333333333333,7.286681715575622,Player_480
RR Raje,20.0,18.0,1.0,111.11111111111111,7.0,214.0,144.0,24.0,8.916666666666666,Player_481
RR Rossouw,53.0,51.0,6.0,103.921568627451,0.0,0.0,0.0,0.0,0.0,Player_482
RR Sarwan,73.0,78.0,3.0,93.5897435897436,0.0,0.0,0.0,0.0,0.0,Player_483
RS Bopara,531.0,468.0,19.0,113.46153846153844,13.0,301.0,213.0,35.5,8.47887323943662,Player_484
RS Gavaskar,2.0,8.0,1.0,25.0,0.0,8.0,6.0,1.0,8.0,Player_485
RS Sodhi,4.0,2.0,0.0,200.0,0.0,0.0,0.0,0.0,0.0,Player_486
RT Ponting,91.0,129.0,8.0,70.54263565891473,0.0,0.0,0.0,0.0,0.0,Player_487
RV Gomez,50.0,53.0,7.0,94.33962264150944,6.0,130.0,97.0,16.166666666666668,8.041237113402062,Player_488
RV Patel,31.0,32.0,2.0,96.875,0.0,22.0,20.0,3.333333333333333,6.6,Player_489
RV Uthappa,4954.0,3927.0,184.0,126.15227909345556,0.0,0.0,0.0,0.0,0.0,Player_490
RW Price,0.0,0.0,0.0,0.0,0.0,33.0,18.0,3.0,11.0,Player_491
Ramandeep Singh,45.0,42.0,2.0,107.14285714285714,6.0,55.0,41.0,6.833333333333333,8.048780487804878,Player_492
Rashid Khan,313.0,214.0,28.0,146.26168224299064,119.0,2411.0,2232.0,372.0,6.481182795698925,Player_493
Rasikh Salam,12.0,10.0,1.0,120.0,0.0,70.0,51.0,8.5,8.235294117647058,Player_494
Ravi Bishnoi,8.0,18.0,2.0,44.44444444444444,41.0,1083.0,878.0,146.33333333333334,7.400911161731207,Player_495
S Anirudha,136.0,121.0,8.0,112.39669421487604,0.0,0.0,0.0,0.0,0.0,Player_496
S Aravind,59.0,59.0,3.0,100.0,48.0,1057.0,788.0,131.33333333333334,8.048223350253807,Player_497
S Badree,13.0,25.0,5.0,52.0,11.0,329.0,263.0,43.833333333333336,7.505703422053232,Player_498
S Badrinath,1441.0,1245.0,48.0,115.7429718875502,0.0,0.0,0.0,0.0,0.0,Player_499
S Chanderpaul,25.0,33.0,3.0,75.75757575757575,0.0,0.0,0.0,0.0,0.0,Player_500
S Dhawan,6244.0,5083.0,179.0,122.84084202242772,4.0,72.0,49.0,8.166666666666666,8.816326530612246,Player_501
S Dube,688.0,541.0,28.0,127.17190388170056,5.0,176.0,111.0,18.5,9.513513513513514,Player_502
S Gopal,180.0,173.0,13.0,104.04624277456648,50.0,1291.0,958.0,159.66666666666666,8.085594989561587,Player_503
S Kaul,20.0,36.0,3.0,55.55555555555556,63.0,1772.0,1238.0,206.33333333333331,8.588045234248789,Player_504
S Kaushik,0.0,1.0,1.0,0.0,6.0,304.0,210.0,35.0,8.685714285714285,Player_505
S Ladda,0.0,10.0,2.0,0.0,5.0,225.0,141.0,23.5,9.574468085106384,Player_506
S Lamichhane,0.0,1.0,1.0,0.0,14.0,297.0,211.0,35.166666666666664,8.445497630331754,Player_507
S Midhun,0.0,0.0,0.0,0.0,0.0,29.0,13.0,2.1666666666666665,13.384615384615383,Player_508
S Nadeem,39.0,88.0,16.0,44.31818181818182,54.0,1800.0,1444.0,240.66666666666663,7.4792243767313025,Player_509
S Narwal,37.0,29.0,4.0,127.58620689655172,6.0,203.0,113.0,18.83333333333333,10.778761061946904,Player_510
S Rana,91.0,82.0,5.0,110.97560975609755,0.0,18.0,16.0,2.6666666666666665,6.75,Player_511
S Randiv,2.0,4.0,1.0,50.0,8.0,223.0,180.0,30.0,7.433333333333334,Player_512
S Sandeep Warrier,0.0,0.0,0.0,0.0,2.0,135.0,106.0,17.666666666666668,7.641509433962264,Player_513
S Sohal,368.0,311.0,18.0,118.32797427652731,0.0,0.0,0.0,0.0,0.0,Player_514
S Sreesanth,34.0,57.0,3.0,59.64912280701754,43.0,1221.0,947.0,157.83333333333334,7.736008447729672,Player_515
S Sriram,31.0,38.0,2.0,81.57894736842105,0.0,49.0,18.0,3.0,16.333333333333332,Player_516
S Tyagi,3.0,4.0,0.0,75.0,6.0,304.0,220.0,36.66666666666666,8.290909090909091,Player_517
S Vidyut,145.0,115.0,8.0,126.08695652173914,1.0,22.0,13.0,2.1666666666666665,10.153846153846157,Player_518
SA Abbott,22.0,18.0,2.0,122.22222222222224,1.0,104.0,59.0,9.833333333333334,10.576271186440678,Player_519
SA Asnodkar,423.0,352.0,19.0,120.17045454545456,0.0,0.0,0.0,0.0,0.0,Player_520
SA Yadav,2644.0,1973.0,88.0,134.0091231626964,0.0,8.0,6.0,1.0,8.0,Player_521
SB Bangar,49.0,58.0,6.0,84.48275862068965,6.0,221.0,153.0,25.5,8.666666666666666,Player_522
SB Jakati,28.0,30.0,2.0,93.33333333333331,50.0,1474.0,1101.0,183.5,8.032697547683924,Player_523
SB Joshi,6.0,16.0,2.0,37.5,1.0,82.0,55.0,9.166666666666666,8.945454545454545,Player_524
SB Styris,131.0,134.0,7.0,97.76119402985076,9.0,278.0,222.0,37.0,7.513513513513513,Player_525
SB Wagh,2.0,3.0,2.0,66.66666666666666,5.0,147.0,108.0,18.0,8.166666666666666,Player_526
SC Ganguly,1349.0,1326.0,54.0,101.73453996983407,12.0,370.0,280.0,46.66666666666666,7.928571428571429,Player_527
SC Kuggeleijn,0.0,0.0,0.0,0.0,2.0,71.0,50.0,8.333333333333334,8.52,Player_528
SD Chitnis,99.0,92.0,7.0,107.6086956521739,2.0,62.0,38.0,6.333333333333333,9.789473684210527,Player_529
SD Lad,15.0,13.0,1.0,115.38461538461536,0.0,0.0,0.0,0.0,0.0,Player_530
SE Bond,1.0,2.0,1.0,50.0,9.0,225.0,191.0,31.83333333333333,7.068062827225131,Player_531
SE Marsh,2489.0,1913.0,65.0,130.10977522216413,0.0,0.0,0.0,0.0,0.0,Player_532
SE Rutherford,106.0,107.0,7.0,99.06542056074768,1.0,60.0,46.0,7.666666666666667,7.826086956521739,Player_533
SJ Srivastava,5.0,5.0,1.0,100.0,15.0,444.0,306.0,51.0,8.705882352941176,Player_534
SK Raina,5536.0,4177.0,168.0,132.53531242518554,30.0,1139.0,930.0,155.0,7.348387096774194,Player_535
SK Trivedi,42.0,61.0,8.0,68.85245901639344,73.0,1944.0,1557.0,259.5,7.491329479768786,Player_536
SK Warne,198.0,219.0,19.0,90.41095890410958,60.0,1465.0,1223.0,203.83333333333331,7.187244480784955,Player_537
SL Malinga,88.0,103.0,12.0,85.43689320388349,188.0,3486.0,2974.0,495.6666666666667,7.032952252858103,Player_538
SM Boland,0.0,0.0,0.0,0.0,3.0,56.0,43.0,7.166666666666667,7.813953488372093,Player_539
SM Curran,337.0,230.0,15.0,146.52173913043478,35.0,1005.0,681.0,113.5,8.854625550660794,Player_540
SM Harwood,9.0,14.0,0.0,64.28571428571429,3.0,74.0,67.0,11.166666666666666,6.626865671641792,Player_541
SM Katich,241.0,191.0,10.0,126.1780104712042,0.0,0.0,0.0,0.0,0.0,Player_542
SM Pollock,147.0,116.0,8.0,126.72413793103448,13.0,307.0,280.0,46.66666666666666,6.578571428571429,Player_543
SMSM Senanayake,10.0,17.0,1.0,58.82352941176471,9.0,211.0,195.0,32.5,6.492307692307692,Player_544
SN Khan,532.0,394.0,25.0,135.0253807106599,0.0,6.0,2.0,0.3333333333333333,18.0,Player_545
SN Thakur,173.0,138.0,14.0,125.36231884057972,88.0,2371.0,1650.0,275.0,8.621818181818181,Player_546
SO Hetmyer,831.0,577.0,26.0,144.0207972270364,0.0,0.0,0.0,0.0,0.0,Player_547
SP Fleming,196.0,171.0,9.0,114.61988304093566,0.0,0.0,0.0,0.0,0.0,Player_548
SP Goswami,293.0,307.0,20.0,95.43973941368078,0.0,0.0,0.0,0.0,0.0,Player_549
SP Jackson,61.0,57.0,6.0,107.01754385964912,0.0,0.0,0.0,0.0,0.0,Player_550
SP Narine,1025.0,664.0,64.0,154.36746987951807,171.0,3907.0,3516.0,586.0,6.667235494880546,Player_551
SPD Smith,2495.0,1999.0,78.0,124.81240620310156,0.0,5.0,2.0,0.3333333333333333,15.0,Player_552
SR Tendulkar,2334.0,2044.0,71.0,114.18786692759296,0.0,59.0,37.0,6.166666666666667,9.567567567567568,Player_553
SR Watson,3880.0,2892.0,126.0,134.1632088520055,107.0,2742.0,2137.0,356.1666666666667,7.698642957416939,Player_554
SS Agarwal,0.0,0.0,0.0,0.0,1.0,42.0,24.0,4.0,10.5,Player_555
SS Cottrell,0.0,2.0,1.0,0.0,6.0,177.0,131.0,21.83333333333333,8.106870229007635,Player_556
SS Iyer,2780.0,2295.0,93.0,121.13289760348584,0.0,7.0,6.0,1.0,7.0,Player_557
SS Mundhe,0.0,0.0,0.0,0.0,1.0,6.0,7.0,1.1666666666666667,5.142857142857142,Player_558
SS Prabhudessai,67.0,62.0,5.0,108.06451612903226,0.0,0.0,0.0,0.0,0.0,Player_559
SS Sarkar,0.0,0.0,0.0,0.0,1.0,34.0,25.0,4.166666666666667,8.16,Player_560
SS Shaikh,6.0,7.0,0.0,85.71428571428571,0.0,0.0,0.0,0.0,0.0,Player_561
SS Tiwary,1494.0,1291.0,50.0,115.72424477149497,0.0,0.0,0.0,0.0,0.0,Player_562
ST Jayasuriya,768.0,573.0,29.0,134.03141361256544,16.0,396.0,301.0,50.16666666666666,7.893687707641196,Player_563
STR Binny,880.0,700.0,44.0,125.71428571428572,28.0,763.0,611.0,101.83333333333331,7.4926350245499185,Player_564
SV Samson,3526.0,2663.0,119.0,132.40705970709726,0.0,0.0,0.0,0.0,0.0,Player_565
SW Billings,503.0,399.0,26.0,126.06516290726816,0.0,0.0,0.0,0.0,0.0,Player_566
SW Tait,23.0,26.0,3.0,88.46153846153845,26.0,668.0,534.0,89.0,7.50561797752809,Player_567
Sachin Baby,144.0,123.0,10.0,117.07317073170732,3.0,8.0,10.0,1.6666666666666667,4.8,Player_568
Salman Butt,193.0,172.0,7.0,112.2093023255814,0.0,0.0,0.0,0.0,0.0,Player_569
Sandeep Sharma,52.0,66.0,5.0,78.78787878787878,123.0,3046.0,2399.0,399.8333333333333,7.618174239266361,Player_570
Shahbaz Ahmed,279.0,253.0,15.0,110.27667984189723,13.0,478.0,341.0,56.833333333333336,8.410557184750733,Player_571
Shahid Afridi,81.0,46.0,8.0,176.08695652173913,9.0,237.0,185.0,30.83333333333333,7.686486486486487,Player_572
Shakib Al Hasan,795.0,665.0,40.0,119.54887218045114,71.0,1864.0,1515.0,252.5,7.3821782178217825,Player_573
Shashank Singh,69.0,47.0,4.0,146.80851063829786,0.0,20.0,13.0,2.1666666666666665,9.230769230769232,Player_574
Shivam Mavi,51.0,58.0,9.0,87.93103448275862,33.0,958.0,687.0,114.5,8.366812227074236,Player_575
Shivam Sharma,5.0,3.0,1.0,166.66666666666669,4.0,165.0,114.0,19.0,8.68421052631579,Player_576
Shoaib Ahmed,1.0,6.0,2.0,16.666666666666664,5.0,154.0,103.0,17.166666666666668,8.970873786407767,Player_577
Shoaib Akhtar,2.0,8.0,1.0,25.0,5.0,54.0,46.0,7.666666666666667,7.0434782608695645,Player_578
Shoaib Malik,52.0,49.0,4.0,106.12244897959184,2.0,87.0,58.0,9.666666666666666,9.0,Player_579
Shubman Gill,1900.0,1555.0,59.0,122.18649517684888,0.0,0.0,0.0,0.0,0.0,Player_580
Simarjeet Singh,7.0,8.0,1.0,87.5,4.0,143.0,113.0,18.83333333333333,7.592920353982302,Player_581
Sohail Tanvir,36.0,31.0,3.0,116.12903225806453,24.0,275.0,265.0,44.16666666666666,6.226415094339623,Player_582
Sunny Gupta,0.0,1.0,1.0,0.0,0.0,47.0,19.0,3.1666666666666665,14.842105263157896,Player_583
Sunny Singh,43.0,31.0,4.0,138.70967741935485,0.0,0.0,0.0,0.0,0.0,Player_584
Swapnil Singh,12.0,20.0,3.0,60.0,1.0,90.0,61.0,10.166666666666666,8.852459016393443,Player_585
T Banton,18.0,22.0,2.0,81.81818181818183,0.0,0.0,0.0,0.0,0.0,Player_586
T Henderson,11.0,16.0,1.0,68.75,1.0,41.0,36.0,6.0,6.833333333333333,Player_587
T Kohli,11.0,20.0,3.0,55.00000000000001,0.0,0.0,0.0,0.0,0.0,Player_588
T Natarajan,3.0,5.0,0.0,60.0,43.0,1116.0,793.0,132.16666666666666,8.443883984867592,Player_589
T Shamsi,2.0,4.0,0.0,50.0,3.0,185.0,120.0,20.0,9.25,Player_590
T Stubbs,2.0,4.0,1.0,50.0,0.0,0.0,0.0,0.0,0.0,Player_591
T Taibu,31.0,26.0,3.0,119.23076923076924,0.0,0.0,0.0,0.0,0.0,Player_592
T Thushara,12.0,19.0,2.0,63.1578947368421,10.0,164.0,144.0,24.0,6.833333333333333,Player_593
TA Boult,53.0,49.0,5.0,108.16326530612244,99.0,2522.0,1860.0,310.0,8.135483870967741,Player_594
TD Paine,10.0,29.0,2.0,34.48275862068966,0.0,0.0,0.0,0.0,0.0,Player_595
TG Southee,120.0,108.0,11.0,111.11111111111111,55.0,1695.0,1226.0,204.33333333333331,8.2952691680261,Player_596
TH David,187.0,94.0,7.0,198.93617021276597,0.0,0.0,0.0,0.0,0.0,Player_597
TK Curran,127.0,108.0,5.0,117.59259259259258,13.0,432.0,252.0,42.0,10.285714285714286,Player_598
TL Seifert,26.0,26.0,3.0,100.0,0.0,0.0,0.0,0.0,0.0,Player_599
TL Suman,676.0,587.0,30.0,115.1618398637138,7.0,198.0,152.0,25.33333333333333,7.815789473684211,Player_600
TM Dilshan,1153.0,1047.0,41.0,110.12416427889208,5.0,368.0,275.0,45.833333333333336,8.02909090909091,Player_601
TM Head,205.0,151.0,6.0,135.76158940397352,3.0,81.0,48.0,8.0,10.125,Player_602
TM Srivastava,8.0,11.0,1.0,72.72727272727273,0.0,0.0,0.0,0.0,0.0,Player_603
TP Sudhindra,0.0,0.0,0.0,0.0,1.0,137.0,74.0,12.333333333333334,11.108108108108109,Player_604
TR Birt,75.0,59.0,5.0,127.1186440677966,0.0,0.0,0.0,0.0,0.0,Player_605
TS Mills,8.0,14.0,4.0,57.14285714285714,11.0,349.0,218.0,36.333333333333336,9.605504587155965,Player_606
TU Deshpande,21.0,12.0,1.0,175.0,4.0,260.0,153.0,25.5,10.196078431372548,Player_607
Tejas Baroka,0.0,0.0,0.0,0.0,0.0,33.0,21.0,3.5,9.428571428571429,Player_608
Tilak Varma,397.0,313.0,10.0,126.8370607028754,0.0,13.0,12.0,2.0,6.5,Player_609
U Kaul,0.0,1.0,0.0,0.0,0.0,0.0,0.0,0.0,0.0,Player_610
UA Birla,7.0,15.0,1.0,46.66666666666666,0.0,0.0,0.0,0.0,0.0,Player_611
UBT Chand,300.0,314.0,20.0,95.54140127388536,0.0,0.0,0.0,0.0,0.0,Player_612
UT Khawaja,127.0,105.0,5.0,120.95238095238096,0.0,0.0,0.0,0.0,0.0,Player_613
UT Yadav,177.0,176.0,18.0,100.5681818181818,153.0,4041.0,2945.0,490.8333333333333,8.232937181663837,Player_614
Umar Gul,39.0,19.0,3.0,205.26315789473685,14.0,198.0,153.0,25.5,7.764705882352941,Player_615
Umran Malik,4.0,8.0,1.0,50.0,25.0,551.0,388.0,64.66666666666667,8.52061855670103,Player_616
V Kohli,6634.0,5266.0,193.0,125.9779718951766,5.0,371.0,264.0,44.0,8.431818181818182,Player_617
V Pratap Singh,0.0,1.0,1.0,0.0,12.0,300.0,211.0,35.166666666666664,8.530805687203792,Player_618
V Sehwag,2728.0,1833.0,98.0,148.82705946535734,6.0,236.0,138.0,23.0,10.26086956521739,Player_619
V Shankar,731.0,616.0,30.0,118.66883116883118,12.0,344.0,258.0,43.0,8.0,Player_620
VG Arora,5.0,14.0,2.0,35.714285714285715,4.0,165.0,110.0,18.33333333333333,9.0,Player_621
VH Zol,29.0,26.0,2.0,111.53846153846156,0.0,0.0,0.0,0.0,0.0,Player_622
VR Aaron,50.0,73.0,4.0,68.4931506849315,46.0,1527.0,1065.0,177.5,8.60281690140845,Player_623
VR Iyer,552.0,474.0,20.0,116.45569620253164,3.0,117.0,78.0,13.0,9.0,Player_624
VRV Singh,4.0,3.0,1.0,133.33333333333331,16.0,549.0,371.0,61.833333333333336,8.878706199460916,Player_625
VS Malik,7.0,7.0,1.0,100.0,6.0,268.0,212.0,35.333333333333336,7.584905660377358,Player_626
VS Yeligati,2.0,2.0,1.0,100.0,0.0,61.0,32.0,5.333333333333333,11.4375,Player_627
VVS Laxman,282.0,271.0,16.0,104.0590405904059,0.0,0.0,0.0,0.0,0.0,Player_628
VY Mahesh,15.0,28.0,2.0,53.57142857142857,22.0,511.0,359.0,59.833333333333336,8.540389972144846,Player_629
Virat Singh,15.0,26.0,3.0,57.692307692307686,0.0,0.0,0.0,0.0,0.0,Player_630
Vishnu Vinod,19.0,26.0,3.0,73.07692307692307,0.0,0.0,0.0,0.0,0.0,Player_631
W Jaffer,130.0,129.0,7.0,100.7751937984496,0.0,0.0,0.0,0.0,0.0,Player_632
WA Mota,56.0,76.0,5.0,73.68421052631578,4.0,98.0,75.0,12.5,7.84,Player_633
WD Parnell,63.0,80.0,9.0,78.75,31.0,731.0,601.0,100.16666666666669,7.29783693843594,Player_634
WP Saha,2427.0,1951.0,96.0,124.39774474628396,0.0,0.0,0.0,0.0,0.0,Player_635
WPUJC Vaas,81.0,73.0,7.0,110.95890410958904,22.0,364.0,288.0,48.0,7.583333333333333,Player_636
Washington Sundar,318.0,278.0,23.0,114.38848920863308,35.0,1116.0,928.0,154.66666666666666,7.2155172413793105,Player_637
X Thalaivan Sargunam,10.0,17.0,1.0,58.82352941176471,0.0,0.0,0.0,0.0,0.0,Player_638
Y Gnaneswara Rao,19.0,18.0,1.0,105.55555555555556,0.0,7.0,6.0,1.0,7.0,Player_639
Y Nagar,285.0,271.0,15.0,105.1660516605166,4.0,125.0,72.0,12.0,10.416666666666666,Player_640
Y Prithvi Raj,0.0,1.0,0.0,0.0,1.0,57.0,33.0,5.5,10.363636363636363,Player_641
Y Venugopal Rao,985.0,865.0,42.0,113.8728323699422,7.0,338.0,222.0,37.0,9.135135135135137,Player_642
YA Abdulla,0.0,1.0,0.0,0.0,15.0,311.0,222.0,37.0,8.405405405405405,Player_643
YBK Jaiswal,547.0,410.0,23.0,133.41463414634148,0.0,6.0,1.0,0.1666666666666666,36.0,Player_644
YK Pathan,3222.0,2334.0,111.0,138.04627249357327,46.0,1443.0,1184.0,197.33333333333331,7.3125,Player_645
YS Chahal,37.0,89.0,6.0,41.57303370786517,172.0,3699.0,2940.0,490.0,7.548979591836734,Player_646
YV Takawale,192.0,183.0,8.0,104.91803278688523,0.0,0.0,0.0,0.0,0.0,Player_647
Yash Dayal,0.0,1.0,1.0,0.0,13.0,296.0,205.0,34.166666666666664,8.663414634146342,Player_648
Yashpal Singh,47.0,67.0,4.0,70.1492537313433,0.0,0.0,0.0,0.0,0.0,Player_649
Younis Khan,3.0,7.0,1.0,42.85714285714285,0.0,0.0,0.0,0.0,0.0,Player_650
Yuvraj Singh,2754.0,2207.0,109.0,124.78477571363842,39.0,1091.0,882.0,147.0,7.421768707482993,Player_651
Z Khan,117.0,141.0,15.0,82.97872340425532,119.0,2860.0,2276.0,379.3333333333333,7.539543057996485,Player_652
